{
  "hash": "61d0c29c",
  "configHash": "86dd8b07",
  "lockfileHash": "08dd9ebd",
  "browserHash": "a123db16",
  "optimized": {
    "react/jsx-dev-runtime": {
      "src": "../../node_modules/react/jsx-dev-runtime.js",
      "file": "react_jsx-dev-runtime.js",
      "fileHash": "91d0e998",
      "needsInterop": true
    },
    "react": {
      "src": "../../node_modules/react/index.js",
      "file": "react.js",
      "fileHash": "12eb31cf",
      "needsInterop": true
    },
    "react-dom/client": {
      "src": "../../node_modules/react-dom/client.js",
      "file": "react-dom_client.js",
      "fileHash": "14ef2fce",
      "needsInterop": true
    },
    "react-router-dom": {
      "src": "../../node_modules/react-router-dom/dist/index.mjs",
      "file": "react-router-dom.js",
      "fileHash": "89a8be9a",
      "needsInterop": false
    },
    "framer-motion": {
      "src": "../../node_modules/framer-motion/dist/es/index.mjs",
      "file": "framer-motion.js",
      "fileHash": "1973459e",
      "needsInterop": false
    },
    "history": {
      "src": "../../node_modules/history/index.js",
      "file": "history.js",
      "fileHash": "472a0553",
      "needsInterop": false
    },
    "@heroicons/react/24/solid": {
      "src": "../../node_modules/@heroicons/react/24/solid/esm/index.js",
      "file": "@heroicons_react_24_solid.js",
      "fileHash": "8d7a71ba",
      "needsInterop": false
    }
  },
  "chunks": {
    "chunk-5HNGYYSW": {
      "file": "chunk-5HNGYYSW.js"
    },
    "chunk-TVFQMRVC": {
      "file": "chunk-TVFQMRVC.js"
    },
    "chunk-G3PMV62Z": {
      "file": "chunk-G3PMV62Z.js"
    }
  }
}